amfi_code,alpha,beta,r_squared,p_value,scheme_name,category,short_name
119598,0.3033696538698332,-0.023196062044059693,0.0001414257550272171,0.6871791461096047,SBI Small Cap Fund - Regular Plan - Growth,Equity,SBI Small Cap Fund
149324,0.3005787817097677,0.011455159960520708,3.5329906267955625e-05,0.8404935891843301,DSP Small Cap Fund - Regular - Growth,Equity,DSP Small Cap Fund - Regular -
120505,0.2926358334175106,0.000549004250631712,1.3455341675668847e-07,0.990090235690614,ICICI Pru Midcap Fund - Regular - Growth,Equity,ICICI Pru Midcap Fund - Regula
148569,0.2827036785246582,0.018133884083859245,0.00017488886568129566,0.6542952865906952,Mirae Asset Tax Saver Fund - Regular - Growth,Equity,Mirae Asset Tax Saver Fund - R
120843,0.27330465038306057,-0.02282956979242654,0.00034305434271514465,0.530528412143744,Kotak Flexicap Fund - Regular - Growth,Equity,Kotak Flexicap Fund - Regular 
100033,0.2719535450128533,0.0051035258305283104,1.2066520635068168e-05,0.9063691402409378,HDFC Mid-Cap Opportunities Fund - Regular - Growth,Equity,HDFC Mid-Cap Opportunities Fun
148567,0.2698375144191807,0.023683558075848623,0.0004625436906623847,0.46642651975427474,Mirae Asset Large Cap Fund - Regular - Growth,Equity,Mirae Asset Large Cap Fund - R
149323,0.26598577542043045,-0.002523004664699247,3.357978192008859e-06,0.9505247706268662,DSP Midcap Fund - Regular - Growth,Equity,DSP Midcap Fund - Regular - Gr
119094,0.2607666908004223,-0.06626542862803757,0.001936878936960232,0.13598752352498475,Axis Midcap Fund - Regular - Growth,Equity,Axis Midcap Fund - Regular - G
119551,0.23201007160635082,-0.03175144113890972,0.0008869788879322809,0.31314302723084586,SBI Bluechip Fund - Regular Plan - Growth,Equity,SBI Bluechip Fund
118632,0.21829397904608644,-0.008353832126962021,5.7917562701278335e-05,0.7966457465470185,Nippon India Large Cap Fund - Regular - Growth,Equity,Nippon India Large Cap Fund - 
101206,0.21399784776051212,0.02108631625012803,0.0003480482030714251,0.5275509209180675,ABSL Frontline Equity Fund - Regular - Growth,Equity,ABSL Frontline Equity Fund - R
120504,0.2119482701352573,0.016232169761417007,0.00021216129075887457,0.6218551541356452,ICICI Pru Bluechip Fund - Direct - Growth,Equity,ICICI Pru Bluechip Fund - Dire
148568,0.20873010086942337,-0.026387719943843004,0.0004859264752797316,0.4553703178741988,Mirae Asset Emerging Bluechip Fund - Regular - Growth,Equity,Mirae Asset Emerging Bluechip 
119552,0.1986859936686296,-0.026159307513513405,0.0005850821704543426,0.4127055818020545,SBI Bluechip Fund - Direct Plan - Growth,Equity,SBI Bluechip Fund
125497,0.17729754927531766,0.04882040425957739,0.0018401792783071585,0.14617594874598644,HDFC Top 100 Fund - Direct Plan - Growth,Equity,HDFC Top 100 Fund
120503,0.17703302365844073,-0.0402689523698206,0.001397444608331861,0.20543745183411544,ICICI Pru Bluechip Fund - Regular - Growth,Equity,ICICI Pru Bluechip Fund - Regu
118634,0.1750072167561127,0.1034966369133759,0.0027930065610663243,0.07333892285784302,Nippon India Small Cap Fund - Regular - Growth,Equity,Nippon India Small Cap Fund - 
102885,0.17048756803412696,-0.019486785689474526,0.00038285030730923834,0.507594886694202,UTI Nifty 50 Index Fund - Regular - Growth,Equity,UTI Nifty 50 Index Fund - Regu
120506,0.1625385327998104,0.04189646272811977,0.0012571178108220743,0.22978488107543144,ICICI Pru Value Discovery Fund - Regular - Growth,Equity,ICICI Pru Value Discovery Fund
102887,0.16211256794033255,0.016682689437770827,0.00018619166432850165,0.6440466770890052,UTI Flexi Cap Fund - Regular - Growth,Equity,UTI Flexi Cap Fund - Regular -
118633,0.15643835948169668,-0.03663900671860934,0.0011382947171084282,0.2531567885063238,Nippon India Large Cap Fund - Direct - Growth,Equity,Nippon India Large Cap Fund - 
118635,0.1513635464823924,-0.001433521389780133,2.0253408972328425e-06,0.9615666405413443,Nippon India ETF Nifty 50 BeES,Equity,Nippon India ETF Nifty 50 BeES
149322,0.13173190226099432,-0.004050271130006534,1.322760788085046e-05,0.9019895024405024,DSP Top 100 Equity Fund - Regular - Growth,Equity,DSP Top 100 Equity Fund - Regu
120841,0.13042924450705445,0.036356399022199795,0.0012113711061211869,0.23845930871566404,Kotak Bluechip Fund - Regular - Growth,Equity,Kotak Bluechip Fund - Regular 
125498,0.11989100971217971,0.009054412621739154,4.043746553634244e-05,0.8295182110189219,HDFC Mid-Cap Opportunities Fund - Direct - Growth,Equity,HDFC Mid-Cap Opportunities Fun
101207,0.10897091901704538,-0.06528924788351524,0.0010641052735572622,0.26923382859979983,ABSL Small Cap Fund - Regular - Growth,Equity,ABSL Small Cap Fund - Regular 
119093,0.08232801295222093,0.02588321244009315,0.0005692038090244872,0.4191212046285576,Axis Bluechip Fund - Direct - Growth,Equity,Axis Bluechip Fund - Direct - 
120842,0.0780443887615508,0.01805687420811816,0.0001691554883831436,0.6596465767530768,Kotak Emerging Equity Fund - Regular - Growth,Equity,Kotak Emerging Equity Fund - R
119092,0.0689952982167755,0.009730745001153637,8.082637693810774e-05,0.7608083592013819,Axis Bluechip Fund - Regular - Growth,Equity,Axis Bluechip Fund - Regular -
120507,0.06746210411099539,-0.0004440926329707234,0.00013430661440679868,0.6947484438507019,ICICI Pru Liquid Fund - Regular - Growth,Debt,ICICI Pru Liquid Fund - Regula
120844,0.06455677495375998,-0.00040074423947840013,0.00010125435692271723,0.7333100820090805,Kotak Liquid Fund - Regular - Growth,Debt,Kotak Liquid Fund - Regular - 
101208,0.060861457957871144,0.00026670968338238433,4.6076236771052326e-05,0.8182140691419648,ABSL Liquid Fund - Regular - Growth,Debt,ABSL Liquid Fund - Regular - G
119120,0.05620895216638369,-0.006413850728276477,0.00043426033217200524,0.48038566300028684,SBI Magnum Gilt Fund - Regular Plan - Growth,Debt,SBI Magnum Gilt Fund
118636,0.05074772999976104,0.0012566742731558458,1.651665231033275e-05,0.8905486864137591,Nippon India Gilt Securities Fund - Regular - Growth,Debt,Nippon India Gilt Securities F
119599,0.048824215945539845,0.06200180438267168,0.0010259205326765965,0.27800396233826247,SBI Small Cap Fund - Direct Plan - Growth,Equity,SBI Small Cap Fund
119095,0.048015953637759554,-0.066951174639292,0.0011851593464486715,0.24360834209000376,Axis Small Cap Fund - Regular - Growth,Equity,Axis Small Cap Fund - Regular 
100025,0.042817920315060876,0.0011582183155281463,1.4612842041845034e-05,0.8970124515162725,HDFC Short Term Debt Fund - Regular - Growth,Debt,HDFC Short Term Debt Fund - Re
100016,0.03747580763443281,-0.0582684314388089,0.002665032698133324,0.0802644248369961,HDFC Top 100 Fund - Regular Plan - Growth,Equity,HDFC Top 100 Fund
102886,0.028969397866379445,-0.04212502902189432,0.0008964294600687582,0.31057770814660457,UTI Mid Cap Fund - Regular - Growth,Equity,UTI Mid Cap Fund - Regular - G
